--
-- PostgreSQL database dump
--

-- Dumped from database version 14.9 (Ubuntu 14.9-0ubuntu0.22.04.1)
-- Dumped by pg_dump version 14.9 (Ubuntu 14.9-0ubuntu0.22.04.1)

SET statement_timeout = 0;
SET lock_timeout = 0;
SET idle_in_transaction_session_timeout = 0;
SET client_encoding = 'UTF8';
SET standard_conforming_strings = on;
SELECT pg_catalog.set_config('search_path', '', false);
SET check_function_bodies = false;
SET xmloption = content;
SET client_min_messages = warning;
SET row_security = off;

SET default_tablespace = '';

SET default_table_access_method = heap;

--
-- Name: auth_group; Type: TABLE; Schema: public; Owner: myprojectuser
--

CREATE TABLE public.auth_group (
    id integer NOT NULL,
    name character varying(150) NOT NULL
);


ALTER TABLE public.auth_group OWNER TO myprojectuser;

--
-- Name: auth_group_id_seq; Type: SEQUENCE; Schema: public; Owner: myprojectuser
--

ALTER TABLE public.auth_group ALTER COLUMN id ADD GENERATED BY DEFAULT AS IDENTITY (
    SEQUENCE NAME public.auth_group_id_seq
    START WITH 1
    INCREMENT BY 1
    NO MINVALUE
    NO MAXVALUE
    CACHE 1
);


--
-- Name: auth_group_permissions; Type: TABLE; Schema: public; Owner: myprojectuser
--

CREATE TABLE public.auth_group_permissions (
    id bigint NOT NULL,
    group_id integer NOT NULL,
    permission_id integer NOT NULL
);


ALTER TABLE public.auth_group_permissions OWNER TO myprojectuser;

--
-- Name: auth_group_permissions_id_seq; Type: SEQUENCE; Schema: public; Owner: myprojectuser
--

ALTER TABLE public.auth_group_permissions ALTER COLUMN id ADD GENERATED BY DEFAULT AS IDENTITY (
    SEQUENCE NAME public.auth_group_permissions_id_seq
    START WITH 1
    INCREMENT BY 1
    NO MINVALUE
    NO MAXVALUE
    CACHE 1
);


--
-- Name: auth_permission; Type: TABLE; Schema: public; Owner: myprojectuser
--

CREATE TABLE public.auth_permission (
    id integer NOT NULL,
    name character varying(255) NOT NULL,
    content_type_id integer NOT NULL,
    codename character varying(100) NOT NULL
);


ALTER TABLE public.auth_permission OWNER TO myprojectuser;

--
-- Name: auth_permission_id_seq; Type: SEQUENCE; Schema: public; Owner: myprojectuser
--

ALTER TABLE public.auth_permission ALTER COLUMN id ADD GENERATED BY DEFAULT AS IDENTITY (
    SEQUENCE NAME public.auth_permission_id_seq
    START WITH 1
    INCREMENT BY 1
    NO MINVALUE
    NO MAXVALUE
    CACHE 1
);


--
-- Name: auth_user; Type: TABLE; Schema: public; Owner: myprojectuser
--

CREATE TABLE public.auth_user (
    id integer NOT NULL,
    password character varying(128) NOT NULL,
    last_login timestamp with time zone,
    is_superuser boolean NOT NULL,
    username character varying(150) NOT NULL,
    first_name character varying(150) NOT NULL,
    last_name character varying(150) NOT NULL,
    email character varying(254) NOT NULL,
    is_staff boolean NOT NULL,
    is_active boolean NOT NULL,
    date_joined timestamp with time zone NOT NULL
);


ALTER TABLE public.auth_user OWNER TO myprojectuser;

--
-- Name: auth_user_groups; Type: TABLE; Schema: public; Owner: myprojectuser
--

CREATE TABLE public.auth_user_groups (
    id bigint NOT NULL,
    user_id integer NOT NULL,
    group_id integer NOT NULL
);


ALTER TABLE public.auth_user_groups OWNER TO myprojectuser;

--
-- Name: auth_user_groups_id_seq; Type: SEQUENCE; Schema: public; Owner: myprojectuser
--

ALTER TABLE public.auth_user_groups ALTER COLUMN id ADD GENERATED BY DEFAULT AS IDENTITY (
    SEQUENCE NAME public.auth_user_groups_id_seq
    START WITH 1
    INCREMENT BY 1
    NO MINVALUE
    NO MAXVALUE
    CACHE 1
);


--
-- Name: auth_user_id_seq; Type: SEQUENCE; Schema: public; Owner: myprojectuser
--

ALTER TABLE public.auth_user ALTER COLUMN id ADD GENERATED BY DEFAULT AS IDENTITY (
    SEQUENCE NAME public.auth_user_id_seq
    START WITH 1
    INCREMENT BY 1
    NO MINVALUE
    NO MAXVALUE
    CACHE 1
);


--
-- Name: auth_user_user_permissions; Type: TABLE; Schema: public; Owner: myprojectuser
--

CREATE TABLE public.auth_user_user_permissions (
    id bigint NOT NULL,
    user_id integer NOT NULL,
    permission_id integer NOT NULL
);


ALTER TABLE public.auth_user_user_permissions OWNER TO myprojectuser;

--
-- Name: auth_user_user_permissions_id_seq; Type: SEQUENCE; Schema: public; Owner: myprojectuser
--

ALTER TABLE public.auth_user_user_permissions ALTER COLUMN id ADD GENERATED BY DEFAULT AS IDENTITY (
    SEQUENCE NAME public.auth_user_user_permissions_id_seq
    START WITH 1
    INCREMENT BY 1
    NO MINVALUE
    NO MAXVALUE
    CACHE 1
);


--
-- Name: django_admin_log; Type: TABLE; Schema: public; Owner: myprojectuser
--

CREATE TABLE public.django_admin_log (
    id integer NOT NULL,
    action_time timestamp with time zone NOT NULL,
    object_id text,
    object_repr character varying(200) NOT NULL,
    action_flag smallint NOT NULL,
    change_message text NOT NULL,
    content_type_id integer,
    user_id integer NOT NULL,
    CONSTRAINT django_admin_log_action_flag_check CHECK ((action_flag >= 0))
);


ALTER TABLE public.django_admin_log OWNER TO myprojectuser;

--
-- Name: django_admin_log_id_seq; Type: SEQUENCE; Schema: public; Owner: myprojectuser
--

ALTER TABLE public.django_admin_log ALTER COLUMN id ADD GENERATED BY DEFAULT AS IDENTITY (
    SEQUENCE NAME public.django_admin_log_id_seq
    START WITH 1
    INCREMENT BY 1
    NO MINVALUE
    NO MAXVALUE
    CACHE 1
);


--
-- Name: django_content_type; Type: TABLE; Schema: public; Owner: myprojectuser
--

CREATE TABLE public.django_content_type (
    id integer NOT NULL,
    app_label character varying(100) NOT NULL,
    model character varying(100) NOT NULL
);


ALTER TABLE public.django_content_type OWNER TO myprojectuser;

--
-- Name: django_content_type_id_seq; Type: SEQUENCE; Schema: public; Owner: myprojectuser
--

ALTER TABLE public.django_content_type ALTER COLUMN id ADD GENERATED BY DEFAULT AS IDENTITY (
    SEQUENCE NAME public.django_content_type_id_seq
    START WITH 1
    INCREMENT BY 1
    NO MINVALUE
    NO MAXVALUE
    CACHE 1
);


--
-- Name: django_migrations; Type: TABLE; Schema: public; Owner: myprojectuser
--

CREATE TABLE public.django_migrations (
    id bigint NOT NULL,
    app character varying(255) NOT NULL,
    name character varying(255) NOT NULL,
    applied timestamp with time zone NOT NULL
);


ALTER TABLE public.django_migrations OWNER TO myprojectuser;

--
-- Name: django_migrations_id_seq; Type: SEQUENCE; Schema: public; Owner: myprojectuser
--

ALTER TABLE public.django_migrations ALTER COLUMN id ADD GENERATED BY DEFAULT AS IDENTITY (
    SEQUENCE NAME public.django_migrations_id_seq
    START WITH 1
    INCREMENT BY 1
    NO MINVALUE
    NO MAXVALUE
    CACHE 1
);


--
-- Name: django_session; Type: TABLE; Schema: public; Owner: myprojectuser
--

CREATE TABLE public.django_session (
    session_key character varying(40) NOT NULL,
    session_data text NOT NULL,
    expire_date timestamp with time zone NOT NULL
);


ALTER TABLE public.django_session OWNER TO myprojectuser;

--
-- Name: web_executive; Type: TABLE; Schema: public; Owner: myprojectuser
--

CREATE TABLE public.web_executive (
    id bigint NOT NULL,
    full_name character varying(100) NOT NULL,
    "IIN" character varying(100) NOT NULL,
    job_title character varying(300) NOT NULL,
    phone character varying(100),
    email character varying(100),
    fin_organization_id bigint NOT NULL
);


ALTER TABLE public.web_executive OWNER TO myprojectuser;

--
-- Name: web_executive_id_seq; Type: SEQUENCE; Schema: public; Owner: myprojectuser
--

ALTER TABLE public.web_executive ALTER COLUMN id ADD GENERATED BY DEFAULT AS IDENTITY (
    SEQUENCE NAME public.web_executive_id_seq
    START WITH 1
    INCREMENT BY 1
    NO MINVALUE
    NO MAXVALUE
    CACHE 1
);


--
-- Name: web_financialorganization; Type: TABLE; Schema: public; Owner: myprojectuser
--

CREATE TABLE public.web_financialorganization (
    id bigint NOT NULL,
    name character varying(100) NOT NULL,
    "BIN" character varying(100) NOT NULL,
    address character varying(200) NOT NULL,
    phone character varying(100) NOT NULL,
    fax character varying(100),
    email character varying(100),
    web_site character varying(100)
);


ALTER TABLE public.web_financialorganization OWNER TO myprojectuser;

--
-- Name: web_financialorganization_id_seq; Type: SEQUENCE; Schema: public; Owner: myprojectuser
--

ALTER TABLE public.web_financialorganization ALTER COLUMN id ADD GENERATED BY DEFAULT AS IDENTITY (
    SEQUENCE NAME public.web_financialorganization_id_seq
    START WITH 1
    INCREMENT BY 1
    NO MINVALUE
    NO MAXVALUE
    CACHE 1
);


--
-- Name: web_workperiod; Type: TABLE; Schema: public; Owner: myprojectuser
--

CREATE TABLE public.web_workperiod (
    id bigint NOT NULL,
    start_date timestamp with time zone NOT NULL,
    end_date timestamp with time zone,
    executive_id bigint NOT NULL
);


ALTER TABLE public.web_workperiod OWNER TO myprojectuser;

--
-- Name: web_workperiod_id_seq; Type: SEQUENCE; Schema: public; Owner: myprojectuser
--

ALTER TABLE public.web_workperiod ALTER COLUMN id ADD GENERATED BY DEFAULT AS IDENTITY (
    SEQUENCE NAME public.web_workperiod_id_seq
    START WITH 1
    INCREMENT BY 1
    NO MINVALUE
    NO MAXVALUE
    CACHE 1
);


--
-- Data for Name: auth_group; Type: TABLE DATA; Schema: public; Owner: myprojectuser
--

COPY public.auth_group (id, name) FROM stdin;
\.


--
-- Data for Name: auth_group_permissions; Type: TABLE DATA; Schema: public; Owner: myprojectuser
--

COPY public.auth_group_permissions (id, group_id, permission_id) FROM stdin;
\.


--
-- Data for Name: auth_permission; Type: TABLE DATA; Schema: public; Owner: myprojectuser
--

COPY public.auth_permission (id, name, content_type_id, codename) FROM stdin;
1	Can add log entry	1	add_logentry
2	Can change log entry	1	change_logentry
3	Can delete log entry	1	delete_logentry
4	Can view log entry	1	view_logentry
5	Can add permission	2	add_permission
6	Can change permission	2	change_permission
7	Can delete permission	2	delete_permission
8	Can view permission	2	view_permission
9	Can add group	3	add_group
10	Can change group	3	change_group
11	Can delete group	3	delete_group
12	Can view group	3	view_group
13	Can add user	4	add_user
14	Can change user	4	change_user
15	Can delete user	4	delete_user
16	Can view user	4	view_user
17	Can add content type	5	add_contenttype
18	Can change content type	5	change_contenttype
19	Can delete content type	5	delete_contenttype
20	Can view content type	5	view_contenttype
21	Can add session	6	add_session
22	Can change session	6	change_session
23	Can delete session	6	delete_session
24	Can view session	6	view_session
25	Can add finOrganization	7	add_financialorganization
26	Can change finOrganization	7	change_financialorganization
27	Can delete finOrganization	7	delete_financialorganization
28	Can view finOrganization	7	view_financialorganization
29	Can add manager	8	add_manager
30	Can change manager	8	change_manager
31	Can delete manager	8	delete_manager
32	Can view manager	8	view_manager
33	Can add executive	9	add_executive
34	Can change executive	9	change_executive
35	Can delete executive	9	delete_executive
36	Can view executive	9	view_executive
37	Can add work period	10	add_workperiod
38	Can change work period	10	change_workperiod
39	Can delete work period	10	delete_workperiod
40	Can view work period	10	view_workperiod
\.


--
-- Data for Name: auth_user; Type: TABLE DATA; Schema: public; Owner: myprojectuser
--

COPY public.auth_user (id, password, last_login, is_superuser, username, first_name, last_name, email, is_staff, is_active, date_joined) FROM stdin;
1	pbkdf2_sha256$600000$t4eAb5ZenDxA4rO9gwmkfG$xfBaFNuxi9gZxkB+8d2/xuNnEbgE4XVyHjOtPTSafjc=	2023-11-04 18:54:07.15989+00	t	admin				t	t	2023-11-04 18:51:04.93216+00
\.


--
-- Data for Name: auth_user_groups; Type: TABLE DATA; Schema: public; Owner: myprojectuser
--

COPY public.auth_user_groups (id, user_id, group_id) FROM stdin;
\.


--
-- Data for Name: auth_user_user_permissions; Type: TABLE DATA; Schema: public; Owner: myprojectuser
--

COPY public.auth_user_user_permissions (id, user_id, permission_id) FROM stdin;
\.


--
-- Data for Name: django_admin_log; Type: TABLE DATA; Schema: public; Owner: myprojectuser
--

COPY public.django_admin_log (id, action_time, object_id, object_repr, action_flag, change_message, content_type_id, user_id) FROM stdin;
1	2023-11-06 12:58:22.815616+00	1	AO "Altyn Bank"	1	[{"added": {}}]	7	1
2	2023-11-06 13:06:23.751916+00	1	Люй Тяньгуй	1	[{"added": {}}]	8	1
3	2023-11-08 18:36:22.162053+00	2	Альменов Марат Беркутбаевич	1	[{"added": {}}]	8	1
4	2023-11-08 18:36:52.262641+00	2	Альменов Марат Беркутбаевич	2	[{"changed": {"fields": ["Phone", "Email"]}}]	8	1
5	2023-11-09 06:58:59.907943+00	2	Альменов Марат Беркутбаевич	2	[{"changed": {"fields": ["Job title"]}}]	8	1
6	2023-11-09 07:00:07.319473+00	3	Лу Вэй	1	[{"added": {}}]	8	1
7	2023-11-09 07:00:53.157924+00	4	Дунаев Арман Галиаскарович	1	[{"added": {}}]	8	1
8	2023-11-09 07:01:53.724691+00	5	Лю Цзэюнь	1	[{"added": {}}]	8	1
9	2023-11-09 07:02:37.71453+00	6	Шаяхметова Умут Болатхановна	1	[{"added": {}}]	8	1
10	2023-11-09 07:03:47.404298+00	7	Байсынов Мурат Байсынович	1	[{"added": {}}]	8	1
11	2023-11-09 07:04:34.86655+00	8	Айкимбаева Жанара Тулигеновна	1	[{"added": {}}]	8	1
12	2023-11-09 07:05:40.573009+00	9	Hu Cefeng (Ху Цэфэн)	1	[{"added": {}}]	8	1
13	2023-11-09 07:06:23.299339+00	10	Каржаубеков Амангельды Жумабекович	1	[{"added": {}}]	8	1
14	2023-11-09 12:10:34.544853+00	1	Люй Тяньгуй	1	[{"added": {}}]	9	1
15	2023-11-09 12:11:05.018672+00	2	Альменов Марат Беркутбаевич	1	[{"added": {}}]	9	1
16	2023-11-09 12:11:53.08776+00	3	Лу Вэй	1	[{"added": {}}]	9	1
17	2023-11-09 12:12:20.736204+00	4	Дунаев Арман Галиаскарович	1	[{"added": {}}]	9	1
18	2023-11-09 12:13:13.266329+00	5	Лю Цзэюнь	1	[{"added": {}}]	9	1
19	2023-11-09 12:13:58.88742+00	6	Шаяхметова Умут Болатхановна	1	[{"added": {}}]	9	1
20	2023-11-09 12:14:10.158821+00	5	Лю Цзэюнь	2	[{"changed": {"fields": ["Job title"]}}]	9	1
21	2023-11-09 12:14:18.8824+00	4	Дунаев Арман Галиаскарович	2	[{"changed": {"fields": ["Job title"]}}]	9	1
22	2023-11-09 12:14:49.264999+00	7	Байсынов Мурат Байсынович	1	[{"added": {}}]	9	1
23	2023-11-09 12:14:57.259651+00	7	Байсынов Мурат Байсынович	2	[{"changed": {"fields": ["Job title"]}}]	9	1
24	2023-11-09 12:15:53.958325+00	8	Айкимбаева Жанара Тулигеновна	1	[{"added": {}}]	9	1
25	2023-11-09 12:16:42.852326+00	9	Каржаубеков Амангельды Жумабекович	1	[{"added": {}}]	9	1
26	2023-11-09 12:18:33.595121+00	2	AO "Bereke bank"	1	[{"added": {}}]	7	1
27	2023-11-09 13:00:42.86791+00	1	Люй Тяньгуй | 2021-06-10 13:00:38+00:00 | None	1	[{"added": {}}]	10	1
\.


--
-- Data for Name: django_content_type; Type: TABLE DATA; Schema: public; Owner: myprojectuser
--

COPY public.django_content_type (id, app_label, model) FROM stdin;
1	admin	logentry
2	auth	permission
3	auth	group
4	auth	user
5	contenttypes	contenttype
6	sessions	session
7	web	financialorganization
8	web	manager
9	web	executive
10	web	workperiod
\.


--
-- Data for Name: django_migrations; Type: TABLE DATA; Schema: public; Owner: myprojectuser
--

COPY public.django_migrations (id, app, name, applied) FROM stdin;
1	contenttypes	0001_initial	2023-11-04 18:50:21.333147+00
2	auth	0001_initial	2023-11-04 18:50:22.414899+00
3	admin	0001_initial	2023-11-04 18:50:22.688049+00
4	admin	0002_logentry_remove_auto_add	2023-11-04 18:50:22.729301+00
5	admin	0003_logentry_add_action_flag_choices	2023-11-04 18:50:22.766056+00
6	contenttypes	0002_remove_content_type_name	2023-11-04 18:50:22.804722+00
7	auth	0002_alter_permission_name_max_length	2023-11-04 18:50:22.839539+00
8	auth	0003_alter_user_email_max_length	2023-11-04 18:50:22.866797+00
9	auth	0004_alter_user_username_opts	2023-11-04 18:50:22.894403+00
10	auth	0005_alter_user_last_login_null	2023-11-04 18:50:22.923266+00
11	auth	0006_require_contenttypes_0002	2023-11-04 18:50:22.941508+00
12	auth	0007_alter_validators_add_error_messages	2023-11-04 18:50:22.970274+00
13	auth	0008_alter_user_username_max_length	2023-11-04 18:50:23.044921+00
14	auth	0009_alter_user_last_name_max_length	2023-11-04 18:50:23.08495+00
15	auth	0010_alter_group_name_max_length	2023-11-04 18:50:23.12207+00
16	auth	0011_update_proxy_permissions	2023-11-04 18:50:23.14648+00
17	auth	0012_alter_user_first_name_max_length	2023-11-04 18:50:23.186916+00
18	sessions	0001_initial	2023-11-04 18:50:23.437323+00
19	web	0001_initial	2023-11-06 12:55:02.753677+00
20	web	0002_alter_manager_job_title	2023-11-06 13:04:40.4017+00
21	web	0003_executive_delete_manager	2023-11-09 12:09:03.880891+00
22	web	0004_workperiod	2023-11-09 12:43:43.433289+00
23	web	0005_alter_workperiod_end_date	2023-11-09 12:45:00.200587+00
24	web	0006_alter_workperiod_start_date	2023-11-09 12:54:49.796379+00
25	web	0007_alter_workperiod_start_date	2023-11-09 12:54:49.829012+00
26	web	0008_alter_workperiod_start_date	2023-11-09 12:56:41.047954+00
27	web	0009_alter_workperiod_end_date	2023-11-09 12:59:27.647372+00
\.


--
-- Data for Name: django_session; Type: TABLE DATA; Schema: public; Owner: myprojectuser
--

COPY public.django_session (session_key, session_data, expire_date) FROM stdin;
9xi76dg9vlubmzy1gtju8w4uxkas8z2b	.eJxVjMsOwiAQAP-FsyG8BPHovd_Q7MKuVA0kpT0Z_92Q9KDXmcm8xQz7Vua90zovWVyFFqdfhpCeVIfID6j3JlOr27qgHIk8bJdTy_S6He3foEAvY3tWGgANx0QqJnQpcHD5EqLyaCk4ZbN3TCabFMAYbZnZs0eKCOS8-HwB8Kw4kg:1qzLmZ:k9gfLagK4nhtKxm14mbubA5ns1LQK33mCpHSPn7CUvo	2023-11-18 18:54:07.178715+00
\.


--
-- Data for Name: web_executive; Type: TABLE DATA; Schema: public; Owner: myprojectuser
--

COPY public.web_executive (id, full_name, "IIN", job_title, phone, email, fin_organization_id) FROM stdin;
1	Люй Тяньгуй	987584365987	Председатель Совета директоров	77475698547	lyi@gmail.com	1
2	Альменов Марат Беркутбаевич	54953615894	Председатель Правления	77056598475	almenov@gmail.com	1
3	Лу Вэй	659584253565	Совет директоров	77779856485	lyVei@gmail.com	1
6	Шаяхметова Умут Болатхановна	859674259874	Совет директоров	7747756987	shayahmetov@mail.ru	1
5	Лю Цзэюнь	69854715648	Совет директоров	77776598451	lyu@gmail.com	1
4	Дунаев Арман Галиаскарович	525252525241	Совет директоров	77756984875	dunaev@mail.ru	1
7	Байсынов Мурат Байсынович	659487569847	Члены Правления	77075698546598	baisynov@mail.ru	1
8	Айкимбаева Жанара Тулигеновна	659584253565	Члены Правления	77475698564	zhanara@gmail.ru	1
9	Каржаубеков Амангельды Жумабекович	987584365987	Главный бухгалтер	7708659845145	kkarzhaybekov@gmail.com	1
\.


--
-- Data for Name: web_financialorganization; Type: TABLE DATA; Schema: public; Owner: myprojectuser
--

COPY public.web_financialorganization (id, name, "BIN", address, phone, fax, email, web_site) FROM stdin;
1	AO "Altyn Bank"	980740000057	050008, г. Алматы, пр. Абая, 109 "В"	+7 (727) 259 69 00	+7 (727) 259 69 01	altynbank@altynbank.kz	www.altynbank.kz
2	AO "Bereke bank"	930740000137	050059, г. Алматы, проспект Аль-Фараби, 13/1	+7 (727) 250 00 60, +7 (727) 250 00 63	\N	post@berekebank.kz	berekebank.kz
3	AO "Forte bank"	990740000683	г. Астана, ул. Достык, 8/1	+7 (727) 258 75 75, +7 (7172) 58 75 75	+7 (7172) 259 67 87	info@fortebank.com	www.fortebank.com
\.


--
-- Data for Name: web_workperiod; Type: TABLE DATA; Schema: public; Owner: myprojectuser
--

COPY public.web_workperiod (id, start_date, end_date, executive_id) FROM stdin;
1	2021-06-10 13:00:38+00	\N	1
\.


--
-- Name: auth_group_id_seq; Type: SEQUENCE SET; Schema: public; Owner: myprojectuser
--

SELECT pg_catalog.setval('public.auth_group_id_seq', 1, false);


--
-- Name: auth_group_permissions_id_seq; Type: SEQUENCE SET; Schema: public; Owner: myprojectuser
--

SELECT pg_catalog.setval('public.auth_group_permissions_id_seq', 1, false);


--
-- Name: auth_permission_id_seq; Type: SEQUENCE SET; Schema: public; Owner: myprojectuser
--

SELECT pg_catalog.setval('public.auth_permission_id_seq', 40, true);


--
-- Name: auth_user_groups_id_seq; Type: SEQUENCE SET; Schema: public; Owner: myprojectuser
--

SELECT pg_catalog.setval('public.auth_user_groups_id_seq', 1, false);


--
-- Name: auth_user_id_seq; Type: SEQUENCE SET; Schema: public; Owner: myprojectuser
--

SELECT pg_catalog.setval('public.auth_user_id_seq', 1, true);


--
-- Name: auth_user_user_permissions_id_seq; Type: SEQUENCE SET; Schema: public; Owner: myprojectuser
--

SELECT pg_catalog.setval('public.auth_user_user_permissions_id_seq', 1, false);


--
-- Name: django_admin_log_id_seq; Type: SEQUENCE SET; Schema: public; Owner: myprojectuser
--

SELECT pg_catalog.setval('public.django_admin_log_id_seq', 27, true);


--
-- Name: django_content_type_id_seq; Type: SEQUENCE SET; Schema: public; Owner: myprojectuser
--

SELECT pg_catalog.setval('public.django_content_type_id_seq', 10, true);


--
-- Name: django_migrations_id_seq; Type: SEQUENCE SET; Schema: public; Owner: myprojectuser
--

SELECT pg_catalog.setval('public.django_migrations_id_seq', 27, true);


--
-- Name: web_executive_id_seq; Type: SEQUENCE SET; Schema: public; Owner: myprojectuser
--

SELECT pg_catalog.setval('public.web_executive_id_seq', 9, true);


--
-- Name: web_financialorganization_id_seq; Type: SEQUENCE SET; Schema: public; Owner: myprojectuser
--

SELECT pg_catalog.setval('public.web_financialorganization_id_seq', 3, true);


--
-- Name: web_workperiod_id_seq; Type: SEQUENCE SET; Schema: public; Owner: myprojectuser
--

SELECT pg_catalog.setval('public.web_workperiod_id_seq', 1, true);


--
-- Name: auth_group auth_group_name_key; Type: CONSTRAINT; Schema: public; Owner: myprojectuser
--

ALTER TABLE ONLY public.auth_group
    ADD CONSTRAINT auth_group_name_key UNIQUE (name);


--
-- Name: auth_group_permissions auth_group_permissions_group_id_permission_id_0cd325b0_uniq; Type: CONSTRAINT; Schema: public; Owner: myprojectuser
--

ALTER TABLE ONLY public.auth_group_permissions
    ADD CONSTRAINT auth_group_permissions_group_id_permission_id_0cd325b0_uniq UNIQUE (group_id, permission_id);


--
-- Name: auth_group_permissions auth_group_permissions_pkey; Type: CONSTRAINT; Schema: public; Owner: myprojectuser
--

ALTER TABLE ONLY public.auth_group_permissions
    ADD CONSTRAINT auth_group_permissions_pkey PRIMARY KEY (id);


--
-- Name: auth_group auth_group_pkey; Type: CONSTRAINT; Schema: public; Owner: myprojectuser
--

ALTER TABLE ONLY public.auth_group
    ADD CONSTRAINT auth_group_pkey PRIMARY KEY (id);


--
-- Name: auth_permission auth_permission_content_type_id_codename_01ab375a_uniq; Type: CONSTRAINT; Schema: public; Owner: myprojectuser
--

ALTER TABLE ONLY public.auth_permission
    ADD CONSTRAINT auth_permission_content_type_id_codename_01ab375a_uniq UNIQUE (content_type_id, codename);


--
-- Name: auth_permission auth_permission_pkey; Type: CONSTRAINT; Schema: public; Owner: myprojectuser
--

ALTER TABLE ONLY public.auth_permission
    ADD CONSTRAINT auth_permission_pkey PRIMARY KEY (id);


--
-- Name: auth_user_groups auth_user_groups_pkey; Type: CONSTRAINT; Schema: public; Owner: myprojectuser
--

ALTER TABLE ONLY public.auth_user_groups
    ADD CONSTRAINT auth_user_groups_pkey PRIMARY KEY (id);


--
-- Name: auth_user_groups auth_user_groups_user_id_group_id_94350c0c_uniq; Type: CONSTRAINT; Schema: public; Owner: myprojectuser
--

ALTER TABLE ONLY public.auth_user_groups
    ADD CONSTRAINT auth_user_groups_user_id_group_id_94350c0c_uniq UNIQUE (user_id, group_id);


--
-- Name: auth_user auth_user_pkey; Type: CONSTRAINT; Schema: public; Owner: myprojectuser
--

ALTER TABLE ONLY public.auth_user
    ADD CONSTRAINT auth_user_pkey PRIMARY KEY (id);


--
-- Name: auth_user_user_permissions auth_user_user_permissions_pkey; Type: CONSTRAINT; Schema: public; Owner: myprojectuser
--

ALTER TABLE ONLY public.auth_user_user_permissions
    ADD CONSTRAINT auth_user_user_permissions_pkey PRIMARY KEY (id);


--
-- Name: auth_user_user_permissions auth_user_user_permissions_user_id_permission_id_14a6b632_uniq; Type: CONSTRAINT; Schema: public; Owner: myprojectuser
--

ALTER TABLE ONLY public.auth_user_user_permissions
    ADD CONSTRAINT auth_user_user_permissions_user_id_permission_id_14a6b632_uniq UNIQUE (user_id, permission_id);


--
-- Name: auth_user auth_user_username_key; Type: CONSTRAINT; Schema: public; Owner: myprojectuser
--

ALTER TABLE ONLY public.auth_user
    ADD CONSTRAINT auth_user_username_key UNIQUE (username);


--
-- Name: django_admin_log django_admin_log_pkey; Type: CONSTRAINT; Schema: public; Owner: myprojectuser
--

ALTER TABLE ONLY public.django_admin_log
    ADD CONSTRAINT django_admin_log_pkey PRIMARY KEY (id);


--
-- Name: django_content_type django_content_type_app_label_model_76bd3d3b_uniq; Type: CONSTRAINT; Schema: public; Owner: myprojectuser
--

ALTER TABLE ONLY public.django_content_type
    ADD CONSTRAINT django_content_type_app_label_model_76bd3d3b_uniq UNIQUE (app_label, model);


--
-- Name: django_content_type django_content_type_pkey; Type: CONSTRAINT; Schema: public; Owner: myprojectuser
--

ALTER TABLE ONLY public.django_content_type
    ADD CONSTRAINT django_content_type_pkey PRIMARY KEY (id);


--
-- Name: django_migrations django_migrations_pkey; Type: CONSTRAINT; Schema: public; Owner: myprojectuser
--

ALTER TABLE ONLY public.django_migrations
    ADD CONSTRAINT django_migrations_pkey PRIMARY KEY (id);


--
-- Name: django_session django_session_pkey; Type: CONSTRAINT; Schema: public; Owner: myprojectuser
--

ALTER TABLE ONLY public.django_session
    ADD CONSTRAINT django_session_pkey PRIMARY KEY (session_key);


--
-- Name: web_executive web_executive_pkey; Type: CONSTRAINT; Schema: public; Owner: myprojectuser
--

ALTER TABLE ONLY public.web_executive
    ADD CONSTRAINT web_executive_pkey PRIMARY KEY (id);


--
-- Name: web_financialorganization web_financialorganization_pkey; Type: CONSTRAINT; Schema: public; Owner: myprojectuser
--

ALTER TABLE ONLY public.web_financialorganization
    ADD CONSTRAINT web_financialorganization_pkey PRIMARY KEY (id);


--
-- Name: web_workperiod web_workperiod_pkey; Type: CONSTRAINT; Schema: public; Owner: myprojectuser
--

ALTER TABLE ONLY public.web_workperiod
    ADD CONSTRAINT web_workperiod_pkey PRIMARY KEY (id);


--
-- Name: auth_group_name_a6ea08ec_like; Type: INDEX; Schema: public; Owner: myprojectuser
--

CREATE INDEX auth_group_name_a6ea08ec_like ON public.auth_group USING btree (name varchar_pattern_ops);


--
-- Name: auth_group_permissions_group_id_b120cbf9; Type: INDEX; Schema: public; Owner: myprojectuser
--

CREATE INDEX auth_group_permissions_group_id_b120cbf9 ON public.auth_group_permissions USING btree (group_id);


--
-- Name: auth_group_permissions_permission_id_84c5c92e; Type: INDEX; Schema: public; Owner: myprojectuser
--

CREATE INDEX auth_group_permissions_permission_id_84c5c92e ON public.auth_group_permissions USING btree (permission_id);


--
-- Name: auth_permission_content_type_id_2f476e4b; Type: INDEX; Schema: public; Owner: myprojectuser
--

CREATE INDEX auth_permission_content_type_id_2f476e4b ON public.auth_permission USING btree (content_type_id);


--
-- Name: auth_user_groups_group_id_97559544; Type: INDEX; Schema: public; Owner: myprojectuser
--

CREATE INDEX auth_user_groups_group_id_97559544 ON public.auth_user_groups USING btree (group_id);


--
-- Name: auth_user_groups_user_id_6a12ed8b; Type: INDEX; Schema: public; Owner: myprojectuser
--

CREATE INDEX auth_user_groups_user_id_6a12ed8b ON public.auth_user_groups USING btree (user_id);


--
-- Name: auth_user_user_permissions_permission_id_1fbb5f2c; Type: INDEX; Schema: public; Owner: myprojectuser
--

CREATE INDEX auth_user_user_permissions_permission_id_1fbb5f2c ON public.auth_user_user_permissions USING btree (permission_id);


--
-- Name: auth_user_user_permissions_user_id_a95ead1b; Type: INDEX; Schema: public; Owner: myprojectuser
--

CREATE INDEX auth_user_user_permissions_user_id_a95ead1b ON public.auth_user_user_permissions USING btree (user_id);


--
-- Name: auth_user_username_6821ab7c_like; Type: INDEX; Schema: public; Owner: myprojectuser
--

CREATE INDEX auth_user_username_6821ab7c_like ON public.auth_user USING btree (username varchar_pattern_ops);


--
-- Name: django_admin_log_content_type_id_c4bce8eb; Type: INDEX; Schema: public; Owner: myprojectuser
--

CREATE INDEX django_admin_log_content_type_id_c4bce8eb ON public.django_admin_log USING btree (content_type_id);


--
-- Name: django_admin_log_user_id_c564eba6; Type: INDEX; Schema: public; Owner: myprojectuser
--

CREATE INDEX django_admin_log_user_id_c564eba6 ON public.django_admin_log USING btree (user_id);


--
-- Name: django_session_expire_date_a5c62663; Type: INDEX; Schema: public; Owner: myprojectuser
--

CREATE INDEX django_session_expire_date_a5c62663 ON public.django_session USING btree (expire_date);


--
-- Name: django_session_session_key_c0390e0f_like; Type: INDEX; Schema: public; Owner: myprojectuser
--

CREATE INDEX django_session_session_key_c0390e0f_like ON public.django_session USING btree (session_key varchar_pattern_ops);


--
-- Name: web_executive_fin_organization_id_24f9649f; Type: INDEX; Schema: public; Owner: myprojectuser
--

CREATE INDEX web_executive_fin_organization_id_24f9649f ON public.web_executive USING btree (fin_organization_id);


--
-- Name: web_workperiod_executive_id_88102011; Type: INDEX; Schema: public; Owner: myprojectuser
--

CREATE INDEX web_workperiod_executive_id_88102011 ON public.web_workperiod USING btree (executive_id);


--
-- Name: auth_group_permissions auth_group_permissio_permission_id_84c5c92e_fk_auth_perm; Type: FK CONSTRAINT; Schema: public; Owner: myprojectuser
--

ALTER TABLE ONLY public.auth_group_permissions
    ADD CONSTRAINT auth_group_permissio_permission_id_84c5c92e_fk_auth_perm FOREIGN KEY (permission_id) REFERENCES public.auth_permission(id) DEFERRABLE INITIALLY DEFERRED;


--
-- Name: auth_group_permissions auth_group_permissions_group_id_b120cbf9_fk_auth_group_id; Type: FK CONSTRAINT; Schema: public; Owner: myprojectuser
--

ALTER TABLE ONLY public.auth_group_permissions
    ADD CONSTRAINT auth_group_permissions_group_id_b120cbf9_fk_auth_group_id FOREIGN KEY (group_id) REFERENCES public.auth_group(id) DEFERRABLE INITIALLY DEFERRED;


--
-- Name: auth_permission auth_permission_content_type_id_2f476e4b_fk_django_co; Type: FK CONSTRAINT; Schema: public; Owner: myprojectuser
--

ALTER TABLE ONLY public.auth_permission
    ADD CONSTRAINT auth_permission_content_type_id_2f476e4b_fk_django_co FOREIGN KEY (content_type_id) REFERENCES public.django_content_type(id) DEFERRABLE INITIALLY DEFERRED;


--
-- Name: auth_user_groups auth_user_groups_group_id_97559544_fk_auth_group_id; Type: FK CONSTRAINT; Schema: public; Owner: myprojectuser
--

ALTER TABLE ONLY public.auth_user_groups
    ADD CONSTRAINT auth_user_groups_group_id_97559544_fk_auth_group_id FOREIGN KEY (group_id) REFERENCES public.auth_group(id) DEFERRABLE INITIALLY DEFERRED;


--
-- Name: auth_user_groups auth_user_groups_user_id_6a12ed8b_fk_auth_user_id; Type: FK CONSTRAINT; Schema: public; Owner: myprojectuser
--

ALTER TABLE ONLY public.auth_user_groups
    ADD CONSTRAINT auth_user_groups_user_id_6a12ed8b_fk_auth_user_id FOREIGN KEY (user_id) REFERENCES public.auth_user(id) DEFERRABLE INITIALLY DEFERRED;


--
-- Name: auth_user_user_permissions auth_user_user_permi_permission_id_1fbb5f2c_fk_auth_perm; Type: FK CONSTRAINT; Schema: public; Owner: myprojectuser
--

ALTER TABLE ONLY public.auth_user_user_permissions
    ADD CONSTRAINT auth_user_user_permi_permission_id_1fbb5f2c_fk_auth_perm FOREIGN KEY (permission_id) REFERENCES public.auth_permission(id) DEFERRABLE INITIALLY DEFERRED;


--
-- Name: auth_user_user_permissions auth_user_user_permissions_user_id_a95ead1b_fk_auth_user_id; Type: FK CONSTRAINT; Schema: public; Owner: myprojectuser
--

ALTER TABLE ONLY public.auth_user_user_permissions
    ADD CONSTRAINT auth_user_user_permissions_user_id_a95ead1b_fk_auth_user_id FOREIGN KEY (user_id) REFERENCES public.auth_user(id) DEFERRABLE INITIALLY DEFERRED;


--
-- Name: django_admin_log django_admin_log_content_type_id_c4bce8eb_fk_django_co; Type: FK CONSTRAINT; Schema: public; Owner: myprojectuser
--

ALTER TABLE ONLY public.django_admin_log
    ADD CONSTRAINT django_admin_log_content_type_id_c4bce8eb_fk_django_co FOREIGN KEY (content_type_id) REFERENCES public.django_content_type(id) DEFERRABLE INITIALLY DEFERRED;


--
-- Name: django_admin_log django_admin_log_user_id_c564eba6_fk_auth_user_id; Type: FK CONSTRAINT; Schema: public; Owner: myprojectuser
--

ALTER TABLE ONLY public.django_admin_log
    ADD CONSTRAINT django_admin_log_user_id_c564eba6_fk_auth_user_id FOREIGN KEY (user_id) REFERENCES public.auth_user(id) DEFERRABLE INITIALLY DEFERRED;


--
-- Name: web_executive web_executive_fin_organization_id_24f9649f_fk_web_finan; Type: FK CONSTRAINT; Schema: public; Owner: myprojectuser
--

ALTER TABLE ONLY public.web_executive
    ADD CONSTRAINT web_executive_fin_organization_id_24f9649f_fk_web_finan FOREIGN KEY (fin_organization_id) REFERENCES public.web_financialorganization(id) DEFERRABLE INITIALLY DEFERRED;


--
-- Name: web_workperiod web_workperiod_executive_id_88102011_fk_web_executive_id; Type: FK CONSTRAINT; Schema: public; Owner: myprojectuser
--

ALTER TABLE ONLY public.web_workperiod
    ADD CONSTRAINT web_workperiod_executive_id_88102011_fk_web_executive_id FOREIGN KEY (executive_id) REFERENCES public.web_executive(id) DEFERRABLE INITIALLY DEFERRED;


--
-- PostgreSQL database dump complete
--

